-- ============================================================
-- 🚍 Public Transportation Management System Database
-- Database: project
-- Author: Prem Mahesuriya
-- ============================================================

CREATE DATABASE project;
USE project;

-- ============================================================
-- TABLE CREATION
-- ============================================================
-- DROP TABLE IF EXISTS Feedback, Payment, Booking, Ticket, Schedule, Driver, Vehicle, Route, Passenger;

CREATE TABLE Passenger (
    passenger_id INT AUTO_INCREMENT PRIMARY KEY,
    name VARCHAR(100) NOT NULL,
    address TEXT,
    email VARCHAR(100) UNIQUE NOT NULL,
    phone_no VARCHAR(15),
    gender VARCHAR(10),
    DOB DATE,
    password VARCHAR(255) NOT NULL
);

CREATE TABLE Route (
    route_id INT AUTO_INCREMENT PRIMARY KEY,
    route_name VARCHAR(100) NOT NULL,
    origin VARCHAR(100) NOT NULL,
    destination VARCHAR(100) NOT NULL,
    distance_km DECIMAL(6,2)
);

CREATE TABLE Vehicle (
    vehicle_id INT AUTO_INCREMENT PRIMARY KEY,
    vehicle_no VARCHAR(20) UNIQUE NOT NULL,
    model VARCHAR(50),
    capacity INT,
    status VARCHAR(20) DEFAULT 'Active'
);

CREATE TABLE Driver (
    driver_id INT AUTO_INCREMENT PRIMARY KEY,
    name VARCHAR(100) NOT NULL,
    license_no VARCHAR(50) UNIQUE,
    phone_no VARCHAR(15),
    experience_years INT
);

CREATE TABLE Schedule (
    schedule_id INT AUTO_INCREMENT PRIMARY KEY,
    route_id INT,
    vehicle_id INT,
    driver_id INT,
    vehicle_no VARCHAR(20),
    departure_time DATETIME,
    arrival_time DATETIME,
    current_location VARCHAR(100),
    FOREIGN KEY (route_id) REFERENCES Route(route_id),
    FOREIGN KEY (vehicle_id) REFERENCES Vehicle(vehicle_id),
    FOREIGN KEY (driver_id) REFERENCES Driver(driver_id)
);

CREATE TABLE Ticket (
    ticket_id INT AUTO_INCREMENT PRIMARY KEY,
    passenger_id INT,
    schedule_id INT,
    seat_no VARCHAR(10),
    price DECIMAL(10,2),
    payment_status VARCHAR(20) DEFAULT 'Pending',
    ticket_date DATE,
    FOREIGN KEY (passenger_id) REFERENCES Passenger(passenger_id),
    FOREIGN KEY (schedule_id) REFERENCES Schedule(schedule_id)
);

CREATE TABLE Booking (
    booking_id INT AUTO_INCREMENT PRIMARY KEY,
    passenger_id INT,
    ticket_id INT,
    booking_date DATE,
    status VARCHAR(20) DEFAULT 'Confirmed',
    FOREIGN KEY (passenger_id) REFERENCES Passenger(passenger_id),
    FOREIGN KEY (ticket_id) REFERENCES Ticket(ticket_id)
);

CREATE TABLE Payment (
    payment_id INT AUTO_INCREMENT PRIMARY KEY,
    ticket_id INT,
    payment_method VARCHAR(50),
    payment_date DATE,
    status VARCHAR(20),
    amount DECIMAL(10,2),
    FOREIGN KEY (ticket_id) REFERENCES Ticket(ticket_id)
);

CREATE TABLE Feedback (
    feedback_id INT AUTO_INCREMENT PRIMARY KEY,
    passenger_id INT,
    rating INT CHECK (rating BETWEEN 1 AND 5),
    date DATE,
    comments TEXT,
    FOREIGN KEY (passenger_id) REFERENCES Passenger(passenger_id)
);

-- ============================================================
-- DATA INSERTS
-- ============================================================
INSERT INTO Route (route_name, origin, destination, distance_km) VALUES
('Gopalpur - Nashik', 'Gopalpur', 'Nashik', '529.57'),
('Bhubaneswar - Hindupur', 'Bhubaneswar', 'Hindupur', '115.2'),
('Amravati - Firozabad', 'Amravati', 'Firozabad', '537.41'),
('North Dumdum - Asansol', 'North Dumdum', 'Asansol', '305.19'),
('Kishanganj - Tenali', 'Kishanganj', 'Tenali', '502.79'),
('Haridwar - Khammam', 'Haridwar', 'Khammam', '513.89'),
('Siwan - Guna', 'Siwan', 'Guna', '699.86'),
('Tiruppur - Chandigarh', 'Tiruppur', 'Chandigarh', '576.37'),
('Firozabad - Bathinda', 'Firozabad', 'Bathinda', '252.46'),
('Kanpur - Nagaon', 'Kanpur', 'Nagaon', '350.87'),
('Jabalpur - Jaipur', 'Jabalpur', 'Jaipur', '157.15'),
('Delhi - Ramagundam', 'Delhi', 'Ramagundam', '214.49'),
('Satara - Bettiah', 'Satara', 'Bettiah', '366.62'),
('Sangli-Miraj & Kupwad - Bhopal', 'Sangli-Miraj & Kupwad', 'Bhopal', '561.28'),
('Rajpur Sonarpur - Jodhpur', 'Rajpur Sonarpur', 'Jodhpur', '765.36'),
('Ramagundam - Uluberia', 'Ramagundam', 'Uluberia', '199.18'),
('Ambala - Hosur', 'Ambala', 'Hosur', '746.82'),
('Hyderabad - Gandhinagar', 'Hyderabad', 'Gandhinagar', '624.38'),
('Durgapur - Ambala', 'Durgapur', 'Ambala', '567.4'),
('Ajmer - Suryapet', 'Ajmer', 'Suryapet', '98.02'),
('Buxar - Agra', 'Buxar', 'Agra', '94.16'),
('Amritsar - Noida', 'Amritsar', 'Noida', '454.43'),
('Nandyal - Sikar', 'Nandyal', 'Sikar', '544.24'),
('Anantapur - Ahmednagar', 'Anantapur', 'Ahmednagar', '304.48'),
('Arrah - Loni', 'Arrah', 'Loni', '396.97'),
('Ludhiana - Kadapa', 'Ludhiana', 'Kadapa', '174.73'),
('Sirsa - Ballia', 'Sirsa', 'Ballia', '744.89'),
('Nandyal - Buxar', 'Nandyal', 'Buxar', '601.8'),
('Purnia - Kharagpur', 'Purnia', 'Kharagpur', '92.66'),
('Tezpur - Bareilly', 'Tezpur', 'Bareilly', '234.66'),
('Jamalpur - Avadi', 'Jamalpur', 'Avadi', '587.14'),
('Jaipur - Agartala', 'Jaipur', 'Agartala', '515.87'),
('Siliguri - Nadiad', 'Siliguri', 'Nadiad', '709.45'),
('Nizamabad - Pallavaram', 'Nizamabad', 'Pallavaram', '55.87'),
('Ongole - Kulti', 'Ongole', 'Kulti', '166.59'),
('Agra - Tadepalligudem', 'Agra', 'Tadepalligudem', '729.0'),
('Ghaziabad - Sultan Pur Majra', 'Ghaziabad', 'Sultan Pur Majra', '527.84'),
('Shivpuri - Jaunpur', 'Shivpuri', 'Jaunpur', '106.43'),
('Dehradun - Pallavaram', 'Dehradun', 'Pallavaram', '281.19'),
('Bettiah - Hapur', 'Bettiah', 'Hapur', '744.32'),
('Kharagpur - Shimla', 'Kharagpur', 'Shimla', '698.05'),
('Mau - Bidar', 'Mau', 'Bidar', '312.24'),
('Tinsukia - South Dumdum', 'Tinsukia', 'South Dumdum', '313.36'),
('Ajmer - Barasat', 'Ajmer', 'Barasat', '771.9'),
('Nagercoil - Bally', 'Nagercoil', 'Bally', '136.73'),
('Mumbai - Jaipur', 'Mumbai', 'Jaipur', '761.66'),
('Bihar Sharif - Nandyal', 'Bihar Sharif', 'Nandyal', '351.8'),
('Ujjain - Silchar', 'Ujjain', 'Silchar', '511.64'),
('Ambattur - Mira-Bhayandar', 'Ambattur', 'Mira-Bhayandar', '541.03'),
('Narasaraopet - Guwahati', 'Narasaraopet', 'Guwahati', '436.59');

INSERT INTO Vehicle (vehicle_no, model, capacity, status) VALUES
('IN13XI5012', 'Tata Ultra', '34', 'Active'),
('IN64BA2535', 'Tata Ultra', '37', 'Active'),
('IN79NH8359', 'Eicher Skyline', '38', 'Active'),
('IN29GY6514', 'Volvo AC', '32', 'Under Maintenance'),
('IN15XO9785', 'Volvo AC', '42', 'Active'),
('IN56SG2139', 'Volvo AC', '51', 'Active'),
('IN58IO6977', 'Tata Ultra', '41', 'Under Maintenance'),
('IN97UC3803', 'Eicher Skyline', '53', 'Active'),
('IN91WR4598', 'Ashok Leyland', '54', 'Active'),
('IN18GS6155', 'Tata Ultra', '50', 'Under Maintenance'),
('IN27HX9830', 'Ashok Leyland', '53', 'Under Maintenance'),
('IN27QP2489', 'Volvo AC', '33', 'Active'),
('IN18MM8668', 'Eicher Skyline', '38', 'Active'),
('IN78YI6573', 'Volvo AC', '39', 'Under Maintenance'),
('IN43QY3927', 'Eicher Skyline', '33', 'Under Maintenance'),
('IN57YF9837', 'Eicher Skyline', '30', 'Under Maintenance'),
('IN49HB4946', 'Eicher Skyline', '32', 'Active'),
('IN26VP3705', 'Ashok Leyland', '46', 'Under Maintenance'),
('IN49MV7118', 'Scania', '46', 'Under Maintenance'),
('IN12SR4770', 'Eicher Skyline', '37', 'Active'),
('IN18BK2160', 'Eicher Skyline', '37', 'Under Maintenance'),
('IN83SP4981', 'Scania', '55', 'Under Maintenance'),
('IN55NN8651', 'Volvo AC', '51', 'Active'),
('IN23HG4116', 'Eicher Skyline', '44', 'Active'),
('IN19OZ2604', 'Volvo AC', '50', 'Active'),
('IN72PG7570', 'Volvo AC', '35', 'Under Maintenance'),
('IN68JN8973', 'Tata Ultra', '36', 'Under Maintenance'),
('IN17XK1936', 'Volvo AC', '48', 'Under Maintenance'),
('IN75CF2122', 'Eicher Skyline', '32', 'Active'),
('IN86BT2343', 'Scania', '51', 'Under Maintenance'),
('IN40IM3144', 'Ashok Leyland', '44', 'Under Maintenance'),
('IN82DC9808', 'Tata Ultra', '46', 'Under Maintenance'),
('IN57JF8179', 'Eicher Skyline', '52', 'Under Maintenance'),
('IN80JV2697', 'Tata Ultra', '38', 'Active'),
('IN46TG6617', 'Tata Ultra', '51', 'Under Maintenance'),
('IN16CU7939', 'Ashok Leyland', '31', 'Active'),
('IN43FX8239', 'Eicher Skyline', '52', 'Under Maintenance'),
('IN98ER1590', 'Ashok Leyland', '48', 'Active'),
('IN15LG5088', 'Volvo AC', '41', 'Under Maintenance'),
('IN40FZ3900', 'Scania', '30', 'Active'),
('IN41IF2771', 'Scania', '31', 'Under Maintenance'),
('IN39HA4164', 'Scania', '40', 'Under Maintenance'),
('IN75MV9785', 'Ashok Leyland', '30', 'Active'),
('IN43BD8119', 'Ashok Leyland', '53', 'Under Maintenance'),
('IN83GI1727', 'Scania', '30', 'Active'),
('IN52TK3041', 'Ashok Leyland', '46', 'Under Maintenance'),
('IN47RE4143', 'Scania', '51', 'Under Maintenance'),
('IN48MR1006', 'Ashok Leyland', '39', 'Active'),
('IN69OO4501', 'Eicher Skyline', '45', 'Active'),
('IN91TK2530', 'Tata Ultra', '51', 'Under Maintenance');

INSERT INTO Driver (name, license_no, phone_no, experience_years) VALUES
('Advik Buch', 'IN_DL_98696', '07975017187', '24'),
('Rania Ratti', 'IN_DL_83563', '09531498616', '7'),
('Manjari Rao', 'IN_DL_30926', '01666794123', '23'),
('Anaya Aggarwal', 'IN_DL_22676', '6107468215', '12'),
('Hrishita Biswas', 'IN_DL_82357', '07830937927', '10'),
('Seher Chaudhry', 'IN_DL_47930', '0168287002', '3'),
('Armaan Badami', 'IN_DL_37460', '+915123810522', '22'),
('Amani Agarwal', 'IN_DL_31417', '04184714953', '15'),
('Inaaya  Khurana', 'IN_DL_40021', '2721575315', '2'),
('Lakshit Ramaswamy', 'IN_DL_61856', '8542950020', '21'),
('Fateh Chaudhari', 'IN_DL_86484', '+919185901739', '13'),
('Lagan Basu', 'IN_DL_92240', '+913524953447', '6'),
('Divit Bansal', 'IN_DL_99166', '04127147900', '24'),
('Sumer Kari', 'IN_DL_30730', '3126859542', '15'),
('Myra Sridhar', 'IN_DL_93748', '5081541157', '17'),
('Shamik Zacharia', 'IN_DL_74042', '+911182414294', '1'),
('Tejas Gala', 'IN_DL_73699', '05506489492', '3'),
('Dhanuk Zachariah', 'IN_DL_37760', '02123045707', '18'),
('Mahika Bhatt', 'IN_DL_25860', '0757201368', '8'),
('Pranay Buch', 'IN_DL_19305', '9530313931', '23'),
('Raghav Sant', 'IN_DL_97684', '0122807907', '16'),
('Darshit Halder', 'IN_DL_34957', '04938633383', '4'),
('Advika Bassi', 'IN_DL_17944', '+919329187421', '13'),
('Nirvi Randhawa', 'IN_DL_65296', '04334308233', '6'),
('Jayesh Konda', 'IN_DL_22224', '+914183669560', '25'),
('Saksham Dugar', 'IN_DL_10282', '3818083870', '13'),
('Ivana Rao', 'IN_DL_38534', '+916273384840', '2'),
('Nishith Sani', 'IN_DL_75909', '2654096927', '17'),
('Kimaya Chandra', 'IN_DL_62923', '6493044429', '4'),
('Shayak Mann', 'IN_DL_44179', '07875189421', '7'),
('Adah Sarma', 'IN_DL_19508', '01588668311', '1'),
('Adah Bhat', 'IN_DL_27361', '09891246403', '12'),
('Tanya Dey', 'IN_DL_90173', '03863255048', '21'),
('Raunak Date', 'IN_DL_24029', '04067202336', '24'),
('Khushi Subramaniam', 'IN_DL_76244', '0591981695', '16'),
('Yakshit Kamdar', 'IN_DL_53719', '09824158887', '25'),
('Tejas Arya', 'IN_DL_83519', '+911474128646', '1'),
('Oorja Chaudhry', 'IN_DL_66333', '1363241647', '5'),
('Piya Kakar', 'IN_DL_91351', '0675721137', '24'),
('Miraan Doctor', 'IN_DL_53540', '7322483548', '14'),
('Tarini Tiwari', 'IN_DL_39154', '03055321987', '7'),
('Veer Shah', 'IN_DL_19099', '8109669587', '25'),
('Madhav Johal', 'IN_DL_44237', '00598304681', '6'),
('Himmat Sampath', 'IN_DL_67199', '9031849707', '20'),
('Raghav Loke', 'IN_DL_57739', '2283845395', '14'),
('Renee Bhandari', 'IN_DL_97410', '+911028893900', '14'),
('Manikya Roy', 'IN_DL_98777', '+911922669303', '24'),
('Bhavin Kadakia', 'IN_DL_66346', '+918964899198', '19'),
('Ira Gopal', 'IN_DL_96356', '+912994030561', '3'),
('Neelofar Dar', 'IN_DL_39444', '1128404432', '7');

INSERT INTO Passenger (name, address, email, phone_no, gender, DOB, password) VALUES
('Anahita Buch', '21/74, Deep Marg
Tenali 114301', 'mehulhayre@hotmail.com', '+911721746168', 'Other', '1978-11-04', 'hashed_password'),
('Romil Rama', '32/395, Iyer, Karimnagar-251038', 'ambleshray@sundaram-tripathi.com', '+915029038627', 'Other', '2003-02-13', 'hashed_password'),
('Urvi Lad', '943
Karan Path
Bhalswa Jahangir Pur-465224', 'jhanvikhare@hotmail.com', '0783021879', 'Female', '1965-09-24', 'hashed_password'),
('Indrans Edwin', '92, Bhardwaj Path, Uluberia 898590', 'jhalder@yahoo.com', '5117259237', 'Female', '2001-11-27', 'hashed_password'),
('Tarini Borah', '83/121
Sidhu Circle
Nadiad-914956', 'dsathe@chaudhuri-lad.biz', '9880573038', 'Other', '2006-11-21', 'hashed_password'),
('Darshit Sagar', '761, Jain Nagar, Anantapur-557862', 'behlakarsh@sabharwal.biz', '1858433254', 'Male', '1989-06-19', 'hashed_password'),
('Sumer Sunder', 'H.No. 953, Vora Street, Bhind 817643', 'aayushseth@ramakrishnan-manne.biz', '4383862979', 'Female', '1989-11-21', 'hashed_password'),
('Vritika Bhatti', 'H.No. 724
Thakur Ganj
Kharagpur 938074', 'janinitya@yahoo.com', '09694856529', 'Female', '1999-03-13', 'hashed_password'),
('Mohanlal Raju', '093, Jhaveri Marg, Anantapur-880080', 'aaina39@subramaniam.com', '4128082539', 'Female', '1971-02-18', 'hashed_password'),
('Vivaan Gole', 'H.No. 026, Ravel Marg
Anantapuram-284401', 'oorja83@hotmail.com', '05792829794', 'Female', '2005-04-13', 'hashed_password'),
('Ayesha Bedi', 'H.No. 416, Yohannan Ganj, Pune-058612', 'oorjasengupta@deo-dewan.com', '05664928748', 'Female', '1992-05-23', 'hashed_password'),
('Vihaan Sant', '19/221
Chada Ganj, Tiruppur-394999', 'kimaya23@yahoo.com', '+919051495641', 'Other', '1986-06-10', 'hashed_password'),
('Divyansh Shankar', '800
Acharya Road, Gorakhpur 372096', 'shlokhari@maharaj-karan.com', '06294452557', 'Male', '1979-04-12', 'hashed_password'),
('Dhanuk Deep', '28/04, Tailor Chowk, Hospet-643654', 'fmallick@yahoo.com', '00777532042', 'Male', '1986-08-03', 'hashed_password'),
('Purab Gopal', 'H.No. 23, Kar Road
Chittoor 048983', 'chackodivij@bhakta.com', '02220281685', 'Other', '1999-05-16', 'hashed_password'),
('Adira Borah', '548, Kara, Agartala 735202', 'hvarkey@yahoo.com', '+911019842795', 'Male', '1984-02-21', 'hashed_password'),
('Faiyaz Sura', 'H.No. 94
Mahajan, Chandrapur 728960', 'svaidya@gola.com', '04645740121', 'Other', '1997-08-21', 'hashed_password'),
('Indrans Gara', 'H.No. 156, Saha Marg
Kamarhati-192315', 'vsidhu@devi.com', '3674359648', 'Other', '1970-07-15', 'hashed_password'),
('Pranay Mann', '67/559, Doctor Circle, Giridih 798404', 'eapte@yahoo.com', '5742125450', 'Male', '1987-11-21', 'hashed_password'),
('Anay Barman', '76/538, Thaker, Dibrugarh-662698', 'mallanvi@hotmail.com', '1337387919', 'Other', '1970-12-23', 'hashed_password'),
('Ela Subramaniam', 'H.No. 18
Kari Street
Satna-266744', 'mkhatri@setty-tank.com', '+919415141363', 'Male', '1973-01-13', 'hashed_password'),
('Zain Chaudhari', 'H.No. 880, Deol Street
Etawah 655213', 'mallbaiju@shetty.com', '+913847308417', 'Male', '1970-07-04', 'hashed_password'),
('Manjari Guha', '24, Das Ganj
Jalna-174887', 'rajagopaldhruv@gmail.com', '3021436250', 'Other', '1975-01-23', 'hashed_password'),
('Nayantara Shanker', 'H.No. 533, Manne Chowk
Narasaraopet 078722', 'hiran87@gmail.com', '+918347530359', 'Female', '1967-02-10', 'hashed_password'),
('Piya Kakar', 'H.No. 52
Mani Path, Firozabad 134506', 'taimur61@hotmail.com', '08079230454', 'Male', '2004-11-12', 'hashed_password'),
('Keya Kari', 'H.No. 79, Bail Ganj, Baranagar-136774', 'kaira08@johal-rama.com', '3732622402', 'Female', '1986-06-28', 'hashed_password'),
('Amira Lad', 'H.No. 655
Swaminathan Nagar
Ichalkaranji 273447', 'bumbbiju@gmail.com', '3520898726', 'Other', '1986-10-13', 'hashed_password'),
('Divyansh Bahri', 'H.No. 770
Lad Circle, Tadipatri 249733', 'fateh66@devi-ghosh.com', '2684235551', 'Male', '1971-01-29', 'hashed_password'),
('Anya Sankaran', '36, Krishnamurthy Marg
Panvel-924916', 'jsheth@wali.info', '05717470341', 'Other', '1976-10-03', 'hashed_password'),
('Myra Gopal', 'H.No. 59
Batra Path, Chittoor 028069', 'contractorinaaya@hotmail.com', '09152159593', 'Other', '2002-03-25', 'hashed_password'),
('Kartik Dua', 'H.No. 708
Ravi Circle
Pallavaram-039308', 'ojas34@boase.net', '5619210385', 'Female', '2003-05-30', 'hashed_password'),
('Suhana Bajwa', '310, Deshpande Road, Guwahati-713443', 'dugartara@hotmail.com', '1358251547', 'Male', '1987-05-29', 'hashed_password'),
('Zaina Ramaswamy', '869, Jhaveri Marg, Bareilly 654758', 'purabbhavsar@mander-borah.info', '+915141675321', 'Other', '1993-01-21', 'hashed_password'),
('Anay Shan', '35/22, Ravel Street, Rajpur Sonarpur-564473', 'vvarty@gmail.com', '6540153193', 'Other', '1997-05-24', 'hashed_password'),
('Shamik Kulkarni', '68/775
Dada Path, Miryalaguda-783038', 'dmane@samra.com', '09424312931', 'Female', '1981-05-25', 'hashed_password'),
('Advik Bhakta', '59, Chowdhury Path
Kalyan-Dombivli-706079', 'mahajannitara@gmail.com', '+912250968650', 'Male', '1990-05-08', 'hashed_password'),
('Farhan Gupta', '80/01
Rajan Circle, Deoghar 026267', 'sharmatejas@yahoo.com', '02207016757', 'Male', '1996-09-08', 'hashed_password'),
('Samiha Keer', 'H.No. 449
Kant, Haridwar 142264', 'groverdivij@kakar.com', '+911982377551', 'Male', '1975-07-10', 'hashed_password'),
('Mehul Loke', '39/892, Bandi Nagar, Vellore-875681', 'amani23@gmail.com', '06064289953', 'Male', '1983-01-26', 'hashed_password'),
('Anahita Chakrabarti', '49/82, Venkataraman Road
Nadiad-779573', 'ybalay@kakar-keer.net', '00710983055', 'Other', '1987-09-28', 'hashed_password'),
('Aniruddh Loke', 'H.No. 84, Roy Path, Rajpur Sonarpur-661029', 'suhanaramanathan@walia-rana.org', '+916215957591', 'Female', '1972-07-16', 'hashed_password'),
('Shalv Koshy', 'H.No. 29
Behl Circle
Udaipur 889304', 'mallparinaaz@jayaraman.com', '9751469381', 'Female', '1976-07-26', 'hashed_password'),
('Tarini Ray', '149, Rajagopalan Nagar
Unnao-194532', 'ebassi@hotmail.com', '04356073951', 'Other', '2005-11-22', 'hashed_password'),
('Aayush Sridhar', '779, Mandal Ganj, Chinsurah 486974', 'yasmin64@banerjee.com', '+910884684351', 'Other', '1969-02-02', 'hashed_password'),
('Zaina Bandi', '727, Ratta Circle
Hospet-726479', 'anvi65@yahoo.com', '05307694280', 'Male', '1987-02-01', 'hashed_password'),
('Dhanush Sem', '20/46
Tandon Marg, Burhanpur-570336', 'sumersaran@hotmail.com', '+917565115124', 'Female', '1986-01-07', 'hashed_password'),
('Rati Bhat', '24/94
Yadav Ganj
Ongole-871778', 'romil59@hotmail.com', '+919480060683', 'Male', '1973-01-28', 'hashed_password'),
('Romil Thaker', '86/597, Bhavsar, Hosur 569434', 'aaryahi73@bobal.info', '02773251126', 'Other', '1980-06-30', 'hashed_password'),
('Abram Jaggi', 'H.No. 478, Venkataraman Nagar, Surendranagar Dudhrej 677743', 'ghosepiya@yahoo.com', '+911716508290', 'Female', '1990-07-22', 'hashed_password'),
('Riaan Bir', 'H.No. 64, Sant Road, Nandyal 693100', 'anahibhargava@hotmail.com', '07663750201', 'Male', '1965-10-29', 'hashed_password');

INSERT INTO Schedule (route_id, vehicle_id, driver_id, vehicle_no, departure_time, arrival_time, current_location) VALUES
('2', '3', '16', 'IN79NH8359', '2025-11-22 09:05:23', '2025-11-22 13:05:23', 'Visakhapatnam'),
('42', '45', '1', 'IN83GI1727', '2025-12-05 09:05:23', '2025-12-05 13:05:23', 'Mahbubnagar'),
('30', '9', '30', 'IN91WR4598', '2025-11-28 09:05:23', '2025-11-28 17:05:23', 'Begusarai'),
('17', '49', '16', 'IN69OO4501', '2025-12-03 09:05:23', '2025-12-03 16:05:23', 'Anantapuram'),
('16', '18', '22', 'IN26VP3705', '2025-11-17 09:05:23', '2025-11-17 13:05:23', 'Buxar'),
('22', '35', '30', 'IN46TG6617', '2025-11-20 09:05:23', '2025-11-20 12:05:23', 'Tiruchirappalli'),
('20', '49', '25', 'IN69OO4501', '2025-12-04 09:05:23', '2025-12-04 18:05:23', 'Srikakulam'),
('32', '2', '25', 'IN64BA2535', '2025-11-17 09:05:23', '2025-11-17 18:05:23', 'Guna'),
('42', '28', '9', 'IN17XK1936', '2025-12-04 09:05:23', '2025-12-04 19:05:23', 'Kirari Suleman Nagar'),
('18', '49', '27', 'IN69OO4501', '2025-11-15 09:05:23', '2025-11-15 13:05:23', 'Durgapur'),
('49', '2', '16', 'IN64BA2535', '2025-11-13 09:05:23', '2025-11-13 12:05:23', 'Bhopal'),
('11', '39', '39', 'IN15LG5088', '2025-11-30 09:05:23', '2025-11-30 13:05:23', 'Mirzapur'),
('46', '13', '5', 'IN18MM8668', '2025-11-25 09:05:23', '2025-11-25 15:05:23', 'Amaravati'),
('5', '33', '42', 'IN57JF8179', '2025-11-17 09:05:23', '2025-11-17 12:05:23', 'Bardhaman'),
('12', '47', '34', 'IN47RE4143', '2025-11-27 09:05:23', '2025-11-27 16:05:23', 'Panchkula'),
('16', '6', '18', 'IN56SG2139', '2025-12-05 09:05:23', '2025-12-05 19:05:23', 'Jodhpur'),
('12', '32', '14', 'IN82DC9808', '2025-11-18 09:05:23', '2025-11-18 16:05:23', 'Motihari'),
('16', '47', '27', 'IN47RE4143', '2025-11-22 09:05:23', '2025-11-22 15:05:23', 'Machilipatnam'),
('26', '45', '16', 'IN83GI1727', '2025-11-16 09:05:23', '2025-11-16 17:05:23', 'Medininagar'),
('20', '17', '15', 'IN49HB4946', '2025-11-10 09:05:23', '2025-11-10 15:05:23', 'Motihari'),
('47', '38', '49', 'IN98ER1590', '2025-11-23 09:05:23', '2025-11-23 16:05:23', 'Nangloi Jat'),
('9', '18', '3', 'IN26VP3705', '2025-11-08 09:05:23', '2025-11-08 16:05:23', 'Chittoor'),
('31', '29', '22', 'IN75CF2122', '2025-11-12 09:05:23', '2025-11-12 12:05:23', 'Tinsukia'),
('41', '44', '4', 'IN43BD8119', '2025-11-11 09:05:23', '2025-11-11 14:05:23', 'Raichur'),
('25', '29', '29', 'IN75CF2122', '2025-11-16 09:05:23', '2025-11-16 18:05:23', 'Jabalpur'),
('43', '6', '11', 'IN56SG2139', '2025-11-14 09:05:23', '2025-11-14 14:05:23', 'Saharanpur'),
('19', '46', '19', 'IN52TK3041', '2025-11-29 09:05:23', '2025-11-29 19:05:23', 'Srinagar'),
('18', '10', '5', 'IN18GS6155', '2025-11-08 09:05:23', '2025-11-08 14:05:23', 'Gopalpur'),
('45', '26', '18', 'IN72PG7570', '2025-11-23 09:05:23', '2025-11-23 19:05:23', 'Hosur'),
('6', '15', '44', 'IN43QY3927', '2025-12-03 09:05:23', '2025-12-03 12:05:23', 'Farrukhabad'),
('12', '38', '28', 'IN98ER1590', '2025-11-27 09:05:23', '2025-11-27 19:05:23', 'Jehanabad'),
('45', '32', '19', 'IN82DC9808', '2025-11-28 09:05:23', '2025-11-28 18:05:23', 'Shimla'),
('33', '1', '43', 'IN13XI5012', '2025-12-04 09:05:23', '2025-12-04 19:05:23', 'Gwalior'),
('36', '9', '19', 'IN91WR4598', '2025-11-21 09:05:23', '2025-11-21 19:05:23', 'Mehsana'),
('27', '6', '15', 'IN56SG2139', '2025-12-03 09:05:23', '2025-12-03 13:05:23', 'Pune'),
('31', '31', '16', 'IN40IM3144', '2025-11-21 09:05:23', '2025-11-21 14:05:23', 'Dewas'),
('33', '18', '1', 'IN26VP3705', '2025-11-16 09:05:23', '2025-11-16 16:05:23', 'Rajkot'),
('22', '36', '49', 'IN16CU7939', '2025-11-24 09:05:23', '2025-11-24 18:05:23', 'Raiganj'),
('21', '48', '31', 'IN48MR1006', '2025-11-29 09:05:23', '2025-11-29 18:05:23', 'Sikar'),
('29', '7', '34', 'IN58IO6977', '2025-12-06 09:05:23', '2025-12-06 19:05:23', 'Raiganj'),
('40', '45', '26', 'IN83GI1727', '2025-11-27 09:05:23', '2025-11-27 13:05:23', 'Bhimavaram'),
('3', '40', '5', 'IN40FZ3900', '2025-11-14 09:05:23', '2025-11-14 16:05:23', 'Ichalkaranji'),
('2', '3', '21', 'IN79NH8359', '2025-12-02 09:05:23', '2025-12-02 12:05:23', 'Tezpur'),
('12', '6', '40', 'IN56SG2139', '2025-12-04 09:05:23', '2025-12-04 18:05:23', 'Kharagpur'),
('17', '43', '1', 'IN75MV9785', '2025-12-05 09:05:23', '2025-12-05 19:05:23', 'Gorakhpur'),
('45', '17', '30', 'IN49HB4946', '2025-12-04 09:05:23', '2025-12-04 16:05:23', 'Srikakulam'),
('2', '43', '26', 'IN75MV9785', '2025-11-15 09:05:23', '2025-11-15 12:05:23', 'Dharmavaram'),
('23', '15', '41', 'IN43QY3927', '2025-11-13 09:05:23', '2025-11-13 16:05:23', 'Sangli-Miraj & Kupwad'),
('29', '3', '38', 'IN79NH8359', '2025-11-18 09:05:23', '2025-11-18 14:05:23', 'Akola'),
('24', '34', '33', 'IN80JV2697', '2025-12-06 09:05:23', '2025-12-06 16:05:23', 'Ranchi');

INSERT INTO Ticket (passenger_id, schedule_id, seat_no, price, payment_status, ticket_date) VALUES
('30', '1', '7C', '1214.99', 'Pending', '2025-11-06'),
('50', '2', '7A', '475.39', 'Pending', '2025-11-06'),
('49', '3', '15B', '1283.41', 'Pending', '2025-11-06'),
('50', '4', '13C', '1046.5', 'Paid', '2025-11-06'),
('9', '5', '3A', '858.62', 'Paid', '2025-11-06'),
('14', '6', '14B', '870.53', 'Paid', '2025-11-06'),
('35', '7', '12C', '1160.34', 'Paid', '2025-11-06'),
('47', '8', '3B', '1851.15', 'Paid', '2025-11-06'),
('12', '9', '1B', '851.34', 'Paid', '2025-11-06'),
('31', '10', '1C', '1147.93', 'Pending', '2025-11-06'),
('40', '11', '3A', '383.51', 'Paid', '2025-11-06'),
('50', '12', '14A', '1934.73', 'Paid', '2025-11-06'),
('7', '13', '12B', '1723.04', 'Paid', '2025-11-06'),
('27', '14', '14B', '345.25', 'Pending', '2025-11-06'),
('40', '15', '13C', '1583.09', 'Pending', '2025-11-06'),
('16', '16', '13B', '1204.22', 'Pending', '2025-11-06'),
('22', '17', '5C', '1447.19', 'Pending', '2025-11-06'),
('45', '18', '8C', '1466.91', 'Pending', '2025-11-06'),
('31', '19', '9C', '785.95', 'Pending', '2025-11-06'),
('21', '20', '2C', '1141.35', 'Paid', '2025-11-06'),
('7', '21', '14A', '698.06', 'Pending', '2025-11-06'),
('45', '22', '3C', '1756.65', 'Pending', '2025-11-06'),
('17', '23', '14B', '361.06', 'Paid', '2025-11-06'),
('37', '24', '5A', '1988.75', 'Paid', '2025-11-06'),
('20', '25', '10C', '261.43', 'Paid', '2025-11-06'),
('36', '26', '2A', '154.95', 'Pending', '2025-11-06'),
('5', '27', '11A', '1859.24', 'Paid', '2025-11-06'),
('20', '28', '10C', '1674.84', 'Pending', '2025-11-06'),
('29', '29', '2C', '223.74', 'Pending', '2025-11-06'),
('49', '30', '11B', '1216.06', 'Paid', '2025-11-06'),
('6', '31', '8B', '905.44', 'Pending', '2025-11-06'),
('49', '32', '9A', '991.43', 'Pending', '2025-11-06'),
('27', '33', '1A', '1109.11', 'Pending', '2025-11-06'),
('8', '34', '1C', '1276.41', 'Paid', '2025-11-06'),
('30', '35', '2C', '1689.46', 'Pending', '2025-11-06'),
('25', '36', '4C', '1090.25', 'Paid', '2025-11-06'),
('38', '37', '10C', '1055.83', 'Paid', '2025-11-06'),
('30', '38', '15B', '1758.76', 'Paid', '2025-11-06'),
('25', '39', '11C', '1964.51', 'Pending', '2025-11-06'),
('1', '40', '12A', '908.46', 'Paid', '2025-11-06'),
('22', '41', '14C', '1739.78', 'Pending', '2025-11-06'),
('15', '42', '12A', '952.85', 'Paid', '2025-11-06'),
('19', '43', '6B', '946.77', 'Paid', '2025-11-06'),
('40', '44', '11A', '1070.68', 'Paid', '2025-11-06'),
('19', '45', '11C', '442.25', 'Pending', '2025-11-06'),
('13', '46', '7B', '347.31', 'Pending', '2025-11-06'),
('37', '47', '14C', '1589.88', 'Paid', '2025-11-06'),
('44', '48', '13C', '1569.82', 'Paid', '2025-11-06'),
('6', '49', '15B', '754.43', 'Pending', '2025-11-06'),
('11', '50', '5B', '1939.66', 'Pending', '2025-11-06');

INSERT INTO Booking (passenger_id, ticket_id, booking_date, status) VALUES
('30', '1', '2025-11-06', 'Cancelled'),
('50', '2', '2025-11-06', 'Confirmed'),
('49', '3', '2025-11-06', 'Cancelled'),
('50', '4', '2025-11-06', 'Cancelled'),
('9', '5', '2025-11-06', 'Confirmed'),
('14', '6', '2025-11-06', 'Cancelled'),
('35', '7', '2025-11-06', 'Cancelled'),
('47', '8', '2025-11-06', 'Cancelled'),
('12', '9', '2025-11-06', 'Cancelled'),
('31', '10', '2025-11-06', 'Confirmed'),
('40', '11', '2025-11-06', 'Confirmed'),
('50', '12', '2025-11-06', 'Confirmed'),
('7', '13', '2025-11-06', 'Confirmed'),
('27', '14', '2025-11-06', 'Cancelled'),
('40', '15', '2025-11-06', 'Cancelled'),
('16', '16', '2025-11-06', 'Cancelled'),
('22', '17', '2025-11-06', 'Confirmed'),
('45', '18', '2025-11-06', 'Confirmed'),
('31', '19', '2025-11-06', 'Cancelled'),
('21', '20', '2025-11-06', 'Confirmed'),
('7', '21', '2025-11-06', 'Confirmed'),
('45', '22', '2025-11-06', 'Confirmed'),
('17', '23', '2025-11-06', 'Cancelled'),
('37', '24', '2025-11-06', 'Cancelled'),
('20', '25', '2025-11-06', 'Confirmed'),
('36', '26', '2025-11-06', 'Cancelled'),
('5', '27', '2025-11-06', 'Cancelled'),
('20', '28', '2025-11-06', 'Cancelled'),
('29', '29', '2025-11-06', 'Cancelled'),
('49', '30', '2025-11-06', 'Cancelled'),
('6', '31', '2025-11-06', 'Confirmed'),
('49', '32', '2025-11-06', 'Cancelled'),
('27', '33', '2025-11-06', 'Cancelled'),
('8', '34', '2025-11-06', 'Confirmed'),
('30', '35', '2025-11-06', 'Cancelled'),
('25', '36', '2025-11-06', 'Confirmed'),
('38', '37', '2025-11-06', 'Cancelled'),
('30', '38', '2025-11-06', 'Cancelled'),
('25', '39', '2025-11-06', 'Confirmed'),
('1', '40', '2025-11-06', 'Confirmed'),
('22', '41', '2025-11-06', 'Cancelled'),
('15', '42', '2025-11-06', 'Confirmed'),
('19', '43', '2025-11-06', 'Cancelled'),
('40', '44', '2025-11-06', 'Confirmed'),
('19', '45', '2025-11-06', 'Cancelled'),
('13', '46', '2025-11-06', 'Cancelled'),
('37', '47', '2025-11-06', 'Cancelled'),
('44', '48', '2025-11-06', 'Confirmed'),
('6', '49', '2025-11-06', 'Confirmed'),
('11', '50', '2025-11-06', 'Cancelled');

INSERT INTO Payment (ticket_id, payment_method, payment_date, status, amount) VALUES
('1', 'Card', '2025-11-06', 'Completed', '1214.99'),
('2', 'Cash', '2025-11-06', 'Completed', '475.39'),
('3', 'UPI', '2025-11-06', 'Pending', '1283.41'),
('4', 'Card', '2025-11-06', 'Completed', '1046.5'),
('5', 'UPI', '2025-11-06', 'Pending', '858.62'),
('6', 'Card', '2025-11-06', 'Completed', '870.53'),
('7', 'UPI', '2025-11-06', 'Pending', '1160.34'),
('8', 'Cash', '2025-11-06', 'Completed', '1851.15'),
('9', 'Card', '2025-11-06', 'Pending', '851.34'),
('10', 'Cash', '2025-11-06', 'Completed', '1147.93'),
('11', 'Card', '2025-11-06', 'Pending', '383.51'),
('12', 'Card', '2025-11-06', 'Pending', '1934.73'),
('13', 'Card', '2025-11-06', 'Pending', '1723.04'),
('14', 'Cash', '2025-11-06', 'Completed', '345.25'),
('15', 'Cash', '2025-11-06', 'Pending', '1583.09'),
('16', 'UPI', '2025-11-06', 'Pending', '1204.22'),
('17', 'Cash', '2025-11-06', 'Completed', '1447.19'),
('18', 'UPI', '2025-11-06', 'Pending', '1466.91'),
('19', 'Cash', '2025-11-06', 'Pending', '785.95'),
('20', 'UPI', '2025-11-06', 'Pending', '1141.35'),
('21', 'Card', '2025-11-06', 'Completed', '698.06'),
('22', 'UPI', '2025-11-06', 'Pending', '1756.65'),
('23', 'Card', '2025-11-06', 'Completed', '361.06'),
('24', 'Cash', '2025-11-06', 'Completed', '1988.75'),
('25', 'Cash', '2025-11-06', 'Completed', '261.43'),
('26', 'Card', '2025-11-06', 'Completed', '154.95'),
('27', 'UPI', '2025-11-06', 'Completed', '1859.24'),
('28', 'UPI', '2025-11-06', 'Pending', '1674.84'),
('29', 'Cash', '2025-11-06', 'Pending', '223.74'),
('30', 'Cash', '2025-11-06', 'Pending', '1216.06'),
('31', 'UPI', '2025-11-06', 'Pending', '905.44'),
('32', 'Card', '2025-11-06', 'Completed', '991.43'),
('33', 'UPI', '2025-11-06', 'Completed', '1109.11'),
('34', 'Card', '2025-11-06', 'Completed', '1276.41'),
('35', 'Cash', '2025-11-06', 'Pending', '1689.46'),
('36', 'Card', '2025-11-06', 'Pending', '1090.25'),
('37', 'Cash', '2025-11-06', 'Pending', '1055.83'),
('38', 'UPI', '2025-11-06', 'Pending', '1758.76'),
('39', 'UPI', '2025-11-06', 'Pending', '1964.51'),
('40', 'Card', '2025-11-06', 'Pending', '908.46'),
('41', 'Cash', '2025-11-06', 'Pending', '1739.78'),
('42', 'Card', '2025-11-06', 'Completed', '952.85'),
('43', 'Cash', '2025-11-06', 'Completed', '946.77'),
('44', 'Card', '2025-11-06', 'Pending', '1070.68'),
('45', 'Cash', '2025-11-06', 'Pending', '442.25'),
('46', 'Cash', '2025-11-06', 'Pending', '347.31'),
('47', 'Card', '2025-11-06', 'Completed', '1589.88'),
('48', 'Cash', '2025-11-06', 'Completed', '1569.82'),
('49', 'UPI', '2025-11-06', 'Completed', '754.43'),
('50', 'UPI', '2025-11-06', 'Pending', '1939.66');

INSERT INTO Feedback (passenger_id, rating, date, comments) VALUES
('30', '2', '2025-11-06', 'Sequi perferendis quae autem deleniti.'),
('50', '1', '2025-11-06', 'Sed perspiciatis quo ducimus similique.'),
('49', '4', '2025-11-06', 'Deserunt voluptatem natus at voluptatibus quis tempora.'),
('50', '3', '2025-11-06', 'Molestias odio ut minus fugiat.'),
('9', '4', '2025-11-06', 'Iusto modi incidunt perspiciatis eius.'),
('14', '3', '2025-11-06', 'Unde illo autem consequuntur ea.'),
('35', '4', '2025-11-06', 'Tempora optio excepturi ratione nam dicta.'),
('47', '1', '2025-11-06', 'Voluptate ratione ad enim illo corporis dignissimos.'),
('12', '4', '2025-11-06', 'Quam accusantium maiores ipsam nihil velit ad.'),
('31', '1', '2025-11-06', 'Explicabo quis omnis magnam porro.'),
('40', '3', '2025-11-06', 'Voluptatum deserunt animi nihil.'),
('50', '4', '2025-11-06', 'Repudiandae tenetur illo ullam.'),
('7', '3', '2025-11-06', 'Occaecati corporis corrupti iste perferendis possimus.'),
('27', '4', '2025-11-06', 'Nisi sint enim facilis doloremque suscipit molestiae.'),
('40', '3', '2025-11-06', 'Dicta sequi illo earum maxime rem.'),
('16', '3', '2025-11-06', 'Ad laudantium illo sit fuga placeat dicta sequi.'),
('22', '1', '2025-11-06', 'Excepturi consequuntur qui illo tempore.'),
('45', '2', '2025-11-06', 'Reiciendis quisquam veniam aliquam vel vitae.'),
('31', '3', '2025-11-06', 'Ea illo ratione quasi eligendi expedita.'),
('21', '3', '2025-11-06', 'Exercitationem error aliquam quidem debitis sequi asperiores praesentium.'),
('7', '5', '2025-11-06', 'Saepe animi voluptas et nulla dolore.'),
('45', '4', '2025-11-06', 'Qui a ipsam iusto soluta enim.'),
('17', '5', '2025-11-06', 'Eveniet nostrum totam sit.'),
('37', '5', '2025-11-06', 'Delectus quos nostrum quas.'),
('20', '3', '2025-11-06', 'Aut accusantium sequi veritatis fugit iusto deserunt.'),
('36', '2', '2025-11-06', 'Cumque vitae molestias.'),
('5', '2', '2025-11-06', 'Quisquam voluptatibus esse totam magnam quas aliquam.'),
('20', '3', '2025-11-06', 'Ducimus aliquid tempore debitis dicta ullam nostrum.'),
('29', '1', '2025-11-06', 'Atque saepe nisi.'),
('49', '3', '2025-11-06', 'Iste facilis qui temporibus quo.'),
('6', '4', '2025-11-06', 'Magnam temporibus praesentium aliquam.'),
('49', '4', '2025-11-06', 'Eos veritatis quisquam enim sunt aliquid animi et.'),
('27', '3', '2025-11-06', 'Ratione velit minus dignissimos fuga nobis.'),
('8', '5', '2025-11-06', 'Autem optio nisi facilis labore dolorem quibusdam.'),
('30', '4', '2025-11-06', 'Unde velit dolor.'),
('25', '3', '2025-11-06', 'Deserunt iure cupiditate perferendis.'),
('38', '3', '2025-11-06', 'Iure natus veniam earum.'),
('30', '1', '2025-11-06', 'Saepe quis earum quos quia magni.'),
('25', '1', '2025-11-06', 'Doloribus optio perferendis magnam reprehenderit itaque quasi.'),
('1', '3', '2025-11-06', 'Expedita laudantium facere provident delectus praesentium tempore harum.'),
('22', '5', '2025-11-06', 'Qui vero amet repudiandae inventore perspiciatis.'),
('15', '3', '2025-11-06', 'Corrupti harum error sapiente mollitia.'),
('19', '2', '2025-11-06', 'Odit id adipisci suscipit.'),
('40', '4', '2025-11-06', 'Omnis quis magnam minima vero vero voluptates nemo.'),
('19', '4', '2025-11-06', 'Omnis aspernatur suscipit quaerat voluptate placeat qui.'),
('13', '3', '2025-11-06', 'Est nemo modi a explicabo.'),
('37', '5', '2025-11-06', 'Nemo cum odit eligendi.'),
('44', '3', '2025-11-06', 'Itaque et hic optio numquam non voluptatum.'),
('6', '5', '2025-11-06', 'Error ut corrupti expedita magni explicabo magnam.'),
('11', '1', '2025-11-06', 'Eligendi ullam illum.');

